ATR_ID2;ATR_NOME2
1;Prashanth
1;AishwaryaRaiBachchan
1;Nassar
1;Senthil
1;S.Ve.Sekar
1;RajuSundaram
1;Geeta
1;RadhikaSarathkumar
1;Gandhimathi
1;JanakiSabesh
1;Lakshmi
1;SirippuBhaktan
1;SergioMyers
1;GregBronson
2;KappeiYamaguchi
2;SatsukiYukino
2;K?jiTsujitani
2;HoukoKuwashima
2;KumikoWatanabe
2;NorikoHidaka
2;KenichiOgata
2;ToshiyukiMorikawa
2;Izumi?gami
2;Yukana
2;AkikoYajima
2;ToshihikoNakajima
2;YuzuruFujimoto
2;Y?jiUeda
2;AkikoNakagawa
2;KaoriShimizu
2;Y?kiMasuda
2;NamiOkamoto
2;EisukeYoda
2;TakakoMatsumoto
2;TadahisaSaizen
2;TomoyaKawai
2;TarouMasuoka
2;MiekoHarada
2;RichardIanCox
2;PaulDobson
2;SaffronHenderson
2;PamHyatt
2;JanyseJaud
2;WillowJohnson
2;TerryKlassen
2;DannyMcKinnon
2;JillianMichaels
2;KirbyMorrow
2;NicoleOliver
2;KellySheridan
2;MonecaStori
2;CathyWeseluck
2;AlecWillows
2;MattSmith
3;KappeiYamaguchi
3;SatsukiYukino
3;K?jiTsujitani
3;HoukoKuwashima
3;KumikoWatanabe
3;KenNarita
3;Akio?tsuka
3;KikukoInoue
3;YasunoriMatsumoto
3;FumihikoTachiki
3;KanetaKimotsuki
3;KenichiOgata
3;J?jiYanami
3;Ch?
3;MamikoNoto
3;KatsumiSuzuki
3;AsakoDodo
3;AkikoNakagawa
3;Y?kiMasuda
3;KaoriShimizu
3;NamiOkamoto
3;DonBrown
3;AlainaBurnett
3;RichardIanCox
3;MichaelDobson
3;PaulDobson
3;JonathanHolmes
3;DavidKaye
3;JillianMichaels
3;KirbyMorrow
3;RichardNewman
3;BrennaOBrien
3;WardPerry
3;KellySheridan
3;RebeccaShoichet
3;MonecaStori
3;FrenchTickner
3;CathyWeseluck
4;AveryBrooks
4;ReneAuberjonois
4;CirrocLofton
4;AlexanderSiddig
4;ColmMeaney
4;NanaVisitor
4;ArminShimerman
4;TerryFarrell
4;MichaelDorn
4;RandyJames
4;JudiM.Durand
4;AronEisenberg
4;DavidB.Levinson
4;AndrewRobinson
4;MaxGrod?nchik
4;MarcAlaimo
4;TomMorga
4;MajelBarrett
4;JeffreyCombs
4;J.G.Hertzler
4;NicoledeBoer
4;CaseyBiggs
4;RosalindChao
4;DennisMadalone
4;CathyDeBuono
4;ChaseMasterson
4;PennyJohnsonJerald
4;SalomeJens
4;LouiseFletcher
4;IvorBartels
4;BarryJenner
4;HanaHatae
4;KenMarshall
4;PhilipAnglim
4;RobertOReilly
4;JamesDarren
4;TinyRon
4;WallaceShawn
4;MichaelBailous
4;ChristopherDoyle
4;MelanieSmith
4;BrockPeters
4;CecilyAdams
4;DeborahLacey
4;CamilleSaviola
4;AnnGillespie
4;PaulDooley
4;ElleAlexander
4;RichardBeymer
4;JohnColicos
5;TreatWilliams
5;RobinDunne
5;GianpaoloVenuta
5;DanielEnright
5;DylanTrowbridge
5;J.AdamBrown
5;JamieRobinson
5;MalinAkerman
5;AaronPoole
5;GordonCurrie
5;StewartArnott
5;AlexKarzis
5;AnayaFarrell
5;KenJames
5;DanPetronijevic
5;LelandTilden
5;JackNewman
5;JenniferHill
5;MichaelZeldin
5;HarveySokoloff
5;JimThorburn
5;NeilFoster
5;BarryFlatman
5;K.Trevor
5;DerekBoyes
5;DavidCollins
5;RobertJ.Malyk
5;ReubenRox
6;FintyWilliams
6;JudiDench
6;JoWyatt
6;KeithWickham
6;JonellElliott
6;AdriennePosta
6;DerekJacobi
6;RobRackstraw
7;MadhuriDixit
7;ShahRukhKhan
7;TinnuAnand
7;JohnnyLever
7;KalpanaIyer
7;HimaniShivpuri
7;SudhaChandran
7;BeenaBanerjee
7;KiranKumar
7;DeepakTijori
7;RumiJaffery
7;DarshanSandhar
7;PradeepSuri
7;BabyGazala
7;Kamaldeep
7;GhanshyamRohera
7;Birbal
7;Jugnu
7;NisarAhmadAnsari
7;DineshHingoo
8;JenniferJasonLeigh
8;MegRyan
8;MichaelNuccio
8;AllisonNega
8;DominickAries
8;SusanGardner
8;SharrieffPugh
8;NickDamici
8;HeatherLitteer
8;DanielT.Booth
8;YaaniKingMondschein
8;FrankHarts
8;SebastianSozzi
8;ZachWegner
8;MarkRuffalo
8;PatriceONeal
8;FundaDuval
8;TheoKogan
8;SandyVital
8;SharonRiggins
8;KarenRiggins
8;NancyLaScala
8;AmiGoodheart
8;PanickerUpendran
8;KendraA.Zimmerman
8;MichelleHurst
8;SunriseCoigney
8;HalSherman
8;DanaLubotsky
8;JacintoTarasRiddick
8;ArthurJ.Nascarella
8;JamesFiro
8;CordellClyde
8;TimHouse
8;JuliusLeFlore
8;VinnyVella
8;KevinBacon
8;SkippyD
8;MichelleDiBenedetti
8;AngelaFrye
8;SeinGay
8;ChadGilkison
8;MichaelIenna
8;LouMartiniJr.
8;MaxMaxy
8;SusanTrishelMonson
8;MaccPlaise
8;NicoleSpruill
9;HarrisonFord
9;WillemDafoe
9;AnneArcher
9;JoaquimdeAlmeida
9;HenryCzerny
9;HarrisYulin
9;DonaldMoffat
9;MiguelSandoval
9;BenjaminBratt
9;RaymondCruz
9;DeanJones
9;ThoraBirch
9;AnnMagnuson
9;HopeLange
9;TomTammi
9;TimGrimm
9;BelitaMoreno
9;JamesEarlJones
9;JorgeLuke
9;JaimeGomez
9;JaredChandler
9;GregGermann
9;EllenGeer
9;TedRaimi
9;VondieCurtis-Hall
9;JohnLafayette
9;BeauLotterman
9;RexLinn
9;PeterWeireter
9;VictorPalmieri
9;TripHamilton
9;KenHoward
9;AlexanderLester
9;RegE.Cathey
9;ClarkGregg
9;ChrisConrad
9;VaughnArmstrong
9;JohnPutch
9;ColleenFlynn
9;ReedDiamond
9;CamBrainard
9;BrendanFord
9;MichaelJace
9;CameronThor
9;HarleyVenton
9;MiguelP?rez
9;PatrickBauchau
9;JuanCarlosColombo
9;BlancaGuerra
9;RufinoEchegoyen
9;HonoratoMagaloni
9;MarioIv?nMart–nez
9;EduardoN.T.Andrade
9;HectorTeller
9;AlejandroBracho
9;RobertArratia
9;EliotFerrer
9;DavidJ.NegronJr.
9;MichaelA.Mendez
9;BatanSilva
9;DianaSowle
9;KamalaLopez
9;GuillermoR–os
9;AlejandroDeHoyos
9;LeoGarcia
9;BarbaraHarrison
9;MarkBailey
9;ElizabethDennehy
9;PatriciaBelcher
9;AaronLustig
9;TomIsbell
9;KimFlowers
9;ClaudiaLobo
9;AlVerdun
9;LynneMarieStewart
9;CatherineMacNeal
9;DeniceKumagai
9;ChristineMoore
9;MarjorieLovett
9;LeeBear
9;GlennE.Coats
9;KevinCooney
9;LisKern
9;ThomasLuskey
9;JohnRixeyMoore
9;MarkusAlexander
9;TomBower
9;AarÆnI.Campos
9;ToryChristopher
9;LisaCostanza
9;ChrisDeSocio
9;MichaelGarvey
9;BruceHolman
9;AaronMichaelLacey
9;DeborahLandis
9;MarkMyers
9;KenParham
9;PaulRausmussen
9;CaitReed
9;GaryRodriguez
9;R.A.Rondell
9;RobertShepherd
9;CharlesTentindo
9;JorgeVald?sGarc–a
10;Shinichir?Miki
10;GregAyres
10;ChristopherBevins
10;SteveBlum
10;Z.CharlesBolton
10;CharlesC.Campbell
10;RichardCansino
10;ChrisCason
10;ColleenClinkenbeard
10;CynthiaCranz
10;RolandAngeloCrisolo
10;TerriDoty
10;QuintonFlynn
10;CrispinFreeman
10;JonathanFreeman
10;CrisGeorge
10;GrantGeorge
10;JoshGrelle
10;ToddHaberkorn
10;KyleHebert
10;KateHiggins
10;BridgetHoffman
10;ChuckHuber
10;JeremyInman
10;LexLang
10;KerriganMahan
10;MichaelMcConnohie
10;JoelMcDonald
10;ScottMenville
10;VicMignogna
10;AnastasiaMunoz
10;ColleenOShaughnessey
10;BrinaPalencia
10;BenPhillips
10;OrionPitts
10;DerekStephenPrince
10;DavidRasner
10;MonicaRial
10;TysonRinehart
10;RobbieRist
10;IanSinclair
10;JasonSpisak
10;J.MichaelTatum
10;EliasTaylorson
10;AustinTindle
10;EricVale
10;LaurentVernin
10;MaxeyWhitehead
10;KentWilliams
10;WallyWingert
11;DavidBowie
11;JenniferConnelly
11;TobyFroud
11;ShelleyThompson
11;ChristopherMalcolm
11;NatalieFinland
11;ShariWeiser
11;BrianHenson
11;RonMueck
11;RobMills
11;DaveGoelz
11;DavidAlanBarclay
11;DavidShaughnessy
11;KarenPrell
11;TimothyBateson
11;FrankOz
11;MichaelHordern
11;DeniseBryer
11;SteveWhitmire
11;KevinClash
11;AnthonyAsbury
11;AnthonyJackson
11;DouglasBlackwell
11;DavidHealy
11;RobertBeatty
11;TobyPhilpott
11;IanThom
11;CharlesAugins
11;SherryAmott
11;DannyJohn-Jules
11;CherylHenson
11;KaefanShaw
11;AlistairFullarton
11;RollinKrewson
11;RichardBodkin
11;PercyEdwards
11;MichaelAttwell
11;SeanBarrett
11;JohnBluthal
11;PeterMarinker
11;KerryShale
11;MarcAntona
11;KennyBaker
11;DannyBlackner
11;PeterBurroughs
11;TobyClark
11;TessaCrockett
11;WarwickDavis
11;MalcolmDixon
11;AnthonyGeorghiou
11;PaulGrant
11;JohnKey
11;AndrewHerd
11;RichardJones
11;JackPurvis
11;MarkLisle
11;PeterMandell
11;LindaSpriggs
11;KatiePurvis
11;NicholasRead
11;AlbertWilkinson
11;PennyStead
11;MichaelHenburyBallan
11;ElfridaAshworth
11;MargaretFoyer
11;ElizabethA.Gilbert
11;LouiseGold
11;MoiraGrant
11;SanLee
11;JanisMackintosh
11;PennyMarsden
11;KimMendez
11;WendyMillward
11;LeoniePalette
11;CarolinePope
11;SharonWhite
11;JohnAron
11;TerryDane
11;DerekHartley
11;DouglasHowes
11;ChristopherPreston
11;PeterSalmon
11;PeterSim
11;GraemeSneddon
11;GrahamTudor-Phillips
11;DavidTurner
11;BarrieJ.Wilkinson
11;ToniBarry
11;KadrolshaOnaCarole
11;JimHenson
11;PaulMarkham
11;SteveNallon
11;JanRavens
11;EnnReitel
11;MildredShay
12;NickCannon
12;JordanBurg
12;JackieBenoit
12;GeorgeCedar
12;GayThomasWilson
12;AlThompson
12;SamSarpong
12;NicholeGalicia
12;MelissaSchuman
12;ImaniParks
12;IanChidlaw
12;J.B.GhumanJr.
12;ChristinaMilian
12;RussellHoward
12;ElimuNelson
12;StuartScott
12;KevinChristy
12;KenanThompson
12;KalPenn
12;SteveHarvey
12;VanessaBellCalloway
12;AshleyMoniqueClark
12;MichaelQ.Davis
12;NicoleScherzinger
12;PeterSiragusa
12;MariaCarmen
12;DamonButler
12;ShaniPride
12;Raistalla
12;KellyBecerra
12;LindseyBlaufarb
12;CrystalColar
12;RocioMendoza
12;BenjaminStephens
12;DanteBasco
12;CharlesOwen
12;MayteGarcia
12;RalphScherer
12;ErnestineParks
12;ShvonaLavetteChung
12;ReaganGomez-Preston
12;RayBuffer
13;RobertDeNiro
13;JamesWoods
13;ElizabethMcGovern
13;TreatWilliams
13;TuesdayWeld
13;BurtYoung
13;JoePesci
13;DannyAiello
13;WilliamForsythe
13;JamesHayden
13;DarlanneFluegel
13;LarryRapp
13;DutchMiller
13;RobertHarper
13;RichardBright
13;GerardMurphy
13;AmyRyder
13;OlgaKarlatos
13;MarioBrega
13;RayDittrich
13;FrankGio
13;KarenShallo
13;AngeloFlorio
13;ScottTiler
13;RustyJacobs
13;BrianBloom
13;AdrianCurran
13;MikeMonetti
13;NoahMoazezi
13;JamesRusso
13;FrankieCaserta
13;JoeyMarzella
13;ClemCaserta
13;FrankSisto
13;JerryStrivelli
13;JulieCohen
13;MarvinScott
13;MikeGendel
13;PaulHerman
13;AnnNeville
13;JoeyFaye
13;LindaIpanema
13;TandyCronyn
13;RichardZobel
13;BaxterHarris
13;ArnonMilchan
13;BrunoIannone
13;MartyLicata
13;MarciaJeanKurtz
13;EstelleHarris
13;RichardForonjy
13;GerrittDebeer
13;JenniferConnelly
13;AlexanderGodfrey
13;CliffCudney
13;PaulFarentino
13;BruceBahrenburg
13;MortFreeman
13;SandraSolberg
13;JayZeely
13;MassimoLiti
13;LouiseFletcher
13;TerryAngus
13;GregAnthony
13;SalvatoreBilla
13;BrunoBilotta
13;MatteoCafiso
13;NelsonCamp
13;ScottCoffey
13;MarkFrazer
13;NunzioGiuliani
13;DarioIori
13;OleJorgensen
13;PuiFanLee
13;FrancescaLeone
13;ChuckLow
13;RonNummi
13;RyanParis
13;HarryPeerce
13;NicolaRoberto
13;GianniSanjust
13;AlexSerra
13;SusanSpafford
14;ChrisRock
14;LaurenceFishburne
14;DavidHydePierce
14;BrandyNorwood
14;WilliamShatner
14;RonHoward
14;KidRock
14;KennyOlson
14;JasonKrause
14;JoeC.
14;StefanieEulinberg
14;JimmieBones
14;UncleKracker
14;JonathanAdams
14;CarlosAlazraqui
14;KeithAnthony
14;EddieBarth
14;SallyAnnBrooks
14;RodgerBumpass
14;MichaelCarven
14;PaulChristie
14;JanisDardaris
14;WendyDillon
14;AntonioFargas
14;EddieFrierson
14;DonaldFullilove
14;JackieGonneau
14;ShannonGregory
14;RifHutton
14;RichardStevenHorvitz
14;ArtKimbro
14;JoyceKurtz
14;AnneLockhart
14;SherryLynn
14;DannyMann
14;MickieMcGowan
14;JohnMelendez
14;H?ctorMercado
14;PaulPape
14;MarilynPasekoff
14;ChrisPhillips
14;LynneRedding
14;AlRodrigo
14;HerschelSparber
14;DougStone
14;SteveSusskind
14;KeriTombazian
14;PaulTuerpe
14;RobertWisdom
14;BillMurray
14;MollyShannon
14;ChrisElliott
14;ElenaFranklin
14;DannyMurphy
14;JackMcCullough
14;KathyWege
14;WillDunn
14;JackieFlynn
14;KelseyJordan
14;A.B.Farrelly
14;JessePeter
14;John-EliotJordan
14;NancyByers
14;KevinJ.Flynn
14;SeanGildea
14;KathrynFrick
14;NikkiTyler-Flynn
14;ElizabethJordan
14;ZenGesner
14;MarcHyman
14;ZakPenn
14;BobOBrien
14;TomBeachene
14;DianeConrad
14;JudyConrad
14;BobFennessy
14;JohnBritten
14;KatieBritten
14;MarleneMalone
14;GradyOConnor
14;BarbaraOConnor
14;JacquelineWentzell
14;MorganWentzell
14;JamieHeres
14;JimmyHeres
14;ThomasJordan
14;RuthMeyer
14;MandyMarsh
14;TommyBarbieri
14;AllisonBarbieri
14;EricaJohnson
14;SydneyJ.BartholomewJr.
14;BillBeauchene
14;BuzzDunn
14;LauraDunn
14;Krista-JeanForand
14;KenaFlynn
14;ChristinaKacmar
14;DianaODonnell
14;DickSilva
14;AllisonKacmar
14;NicoleBrathwaite
14;EmilyODay
14;BriannaCabral
14;CatherineDunphy
14;ChandlerVuilleumier
14;BillWade
14;BoCleary
14;BruceMcIntyre
14;ColleenODonnell
14;MaryjaneFoy
14;JoAnnNicewicz
14;JillianNicewicz
14;Docky
14;HeidiHetzel
14;PatriciaGuiggey
14;RachaelKasner
14;GeorgeKouri
14;JoeMurphy
14;DickRubin
14;AmySuhay
14;BrianMone
14;SeanFitzgerald
14;BethJordan
14;MattieOstiguy
14;GraceCosta
14;MauraOBrien
14;JohnJ.Burke
14;KathyFarrelly
14;ShawnFogarty
14;CamdenMunson
14;DavidOssman
14;JoelSilver
14;BenStein
14;JamesArnoldTaylor
14;BenUrann
14;JillianWheeler
15;B-Real
15;KurtisBlow
15;DaBrat
15;ChuckD
15;SeanDiddyCombs
15;SenD.O.G.
15;DesireeDensiti
15;Dr.Dre
15;E-40
15;MCEiht
15;GrandmasterCaz
15;HeavyD
15;LaurynHill
15;Ice-T
15;WyclefJean
15;RasKass
15;KRS-One
15;L.V.
15;Mack10
15;CraigMack
15;MasterP
15;MethodMan
15;KeithMurray
15;Nas
15;TheNotoriousB.I.G.
15;Q-Tip
15;Raekwon
15;Rampage
15;Redman
15;BustaRhymes
15;RZA
15;DJScratch
15;ErickSermon
15;TupacShakur
15;AdarioStrange
15;Suave
15;Too$hort
16;JackBlack
16;AdamPascal
16;LucasPapaelias
16;ChrisStack
16;SarahSilverman
16;MikeWhite
16;LucasBabin
16;JoanCusack
16;Jordan-ClaireGreen
16;VeronicaAfflerbach
16;MirandaCosgrove
16;JoeyGaydosJr.
16;RobertTsai
16;AngeloMassagli
16;KevinAlexanderClark
16;MaryamHassan
16;CaitlinHale
16;ColeHawkins
16;BrianFalduto
16;JamesHosey
16;AleishaAllen
16;ZInfante
16;RivkahReyes
16;JaclynNeidenthal
16;SuzzanneDouglas
16;EronOtcasek
16;CarlosVelazquez
16;KimberlyGrigsby
16;LeeWilkof
16;KateMcGregor-Stewart
16;WallyDunn
16;TimHopper
16;MichaelDominguez-Rudolph
16;CrashCortez
16;NickyKatt
16;JohnHighsmith
16;HeatherGoldenhersh
16;TimothySpeedLevitch
16;ScottGraham
16;SharonWashington
16;KimBrockington
16;MartyMurphy
16;KathleenMcNenny
16;JoannaAdler
16;RobertLin
16;BarryShurchin
16;MacIntyreDixon
16;AmySedaris
16;MaryFortune
16;MandySiegfried
16;ElleKey
16;CarlosJ.DaSilva
16;IanOMalley
16;ChrisLine
16;KyleMeaney
16;LaurenAdler
16;MyriamBlanckaert
16;KellyAnneBurns
16;LeanneCabrera
16;CatherineA.Callahan
16;BrookeCampbell
16;CedricCannon
16;MikeClemente
16;AnivileDaniel
16;JaneDeNoble
16;PaulEvans
16;ErinGlass
16;RileyG.MatthewsJr.
16;JadaMontemarano
16;TheMooneySuzuki
16;MateoMoreno
16;LianMoy
16;KarinaNazarov
16;RyanOConnor
16;ScottRoss
16;CaileighScott
16;JohnnySullivan
16;JamieVergan
16;JoeWachowski
16;FrankWhaley
16;AngusYoung
17;MaryAlice
17;TanveerK.Atwal
17;HelmutBakaitis
17;KateBeahan
17;FrancineBell
17;MonicaBellucci
17;RachelBlackman
17;HenryBlasingame
17;IanBliss
17;DavidBowers
17;ZekeCastelli
17;CollinChou
17;EssieDavis
17;LaurenceFishburne
17;NonaGaye
17;DionHorstmans
17;LachyHulme
17;ChristopherKirby
17;PeterLamb
17;NathanielLees
17;HarryLennix
17;RobertMammone
17;JoeManning
17;MauriceMorgan
17;Carrie-AnneMoss
17;ThariniMudaliar
17;ReneNaufahu
17;RobynNevin
17;GenevieveOReilly
17;HaroldPerrineau
17;JadaPinkettSmith
17;KittrickRedmond
17;KeanuReeves
17;RupertReid
17;KevinMichaelRichardson
17;DavidRoberts
17;BruceSpence
17;RichardSydenham
17;CheTimmins
17;GinaTorres
17;ClaytonWatson
17;HugoWeaving
17;CornelWest
17;BernardWhite
17;LambertWilson
17;AnthonyBrandonWong
17;AnthonyZerbe
17;CraigWalker
18;RobertD.Barr
18;BarbaraBush
18;GeorgeBush
18;GeorgeW.Bush
18;MichaelCarroll
18;JimmyCarter
18;RosalynnCarter
18;WinstonChurchill
18;BillClinton
18;DwightD.Eisenhower
18;MamieEisenhower
18;BettyFord
18;GeraldFord
18;PaulW.Germain
18;LadyBirdJohnson
18;LyndonB.Johnson
18;JacquelineKennedy
18;JohnF.Kennedy
18;TimKerwin
18;JoeLockhart
18;PatNixon
18;RichardNixon
18;NancyReagan
18;RonaldReagan
18;FranklinD.Roosevelt
18;LeeSimmons
18;HarryS.Truman
18;JackValenti
19;HollyHunter
19;HarveyKeitel
19;SamNeill
19;AnnaPaquin
19;KerryWalker
19;Genevi?veLemon
19;TungiaBaker
19;IanMune
19;PeterDennett
19;TeWhatanuiSkipwith
19;PeteSmith
19;BruceAllpress
19;CliffCurtis
19;CarlaRupuha
19;MahinaTunui
19;HoriAhipene
19;GordonHatfield
19;MereBoynton
19;KirstenBatley
19;TaniaBurney
19;AnnieEdwards
19;HarinaHaare
19;ChristinaHarimate
19;SteveKanuta
19;P.J.Karauria
19;SonnyKirikiri
19;AlainMakiha
19;GregMayor
19;MikaX.
19;GuyMoana
19;JosephOtimi
19;GlynisParaha
19;RikiPickering
19;EruPotakaDewes
19;LianeRangiHenry
19;HuihanaRewa
19;TamatiRice
19;PaoraSharples
19;GeorgeSmallman
19;KereamaTeua
19;PoamoTuialii
19;SusanTuialii
19;KahumanuWaake
19;LawrenceWharerau
19;EddieCampbell
19;RogerGoodburn
19;StephenHall
19;GregJohnson
19;WayneMcGoram
19;JonBrazier
19;StephenPapps
19;NicolaBaigent
19;RubyCodner
19;KarenColston
19;VerityGeorge
19;JulieSteele
19;TimothyRaby
19;JonSperry
19;IsobelDryburgh
19;ClaireLourie
19;RoseMcIver
19;AmberMain
19;RachaelMain
19;SeanAbraham
19;TomasDryburgh
19;SimonKnight-Jones
19;JulianLee
19;DanielLunn
19;BarbaraGrover
19;ArthurRanford
19;RobEllis
19;TerrenceGarbolino
19;WilliamMatthew
19;NancyFlyger
19;GeorgeBoyle
19;JasonAranui
19;ThomasCrowe
19;ShaneHowell
19;SamIngley
19;LanceKahukiwa
19;GrahamKereamaBarrett
19;WayneKingi
19;LucasPuhiThompson
19;PeterRangitaawa
19;JosephSamuel
19;ThomasSearancke
19;PhilipTaiahoHeke
19;GeorgeTeHuia
19;AlfredTiakiHotu
19;FlynntheDog
20;JamesDArcy
20;RogerMorlidge
20;GabrielleAnwar
20;VincentDOnofrio
20;NicholasGecks
20;Peter-HugoDaly
20;RichardE.Grant
20;StruanRodger
20;MihaiBisericanu
20;SanduMihaiGruia
20;ConstantinBarbulescu
20;DoruDumitrescu
20;ConstantinVasilescu
20;CorneliuTigancu
20;FrithaGoodey
20;IoanaAbur
20;NatalieEster
20;OanaArdelean
20;CristinaTeodorescu
20;AndreeaBalan
20;MihaiDinvale
20;Stefan-DominicVoronca
20;ValentinPopescu
20;RaduCaptari
20;AncaAndrone
20;AdrianHuluban
20;CornelRagea
20;VasileAlbinet
20;AdrianPavlovschi
21;PatrickStewart
21;JonathanFrakes
21;LeVarBurton
21;MarinaSirtis
21;BrentSpiner
21;MichaelDorn
21;GatesMcFadden
21;MajelBarrett
21;WilWheaton
21;ColmMeaney
21;JamesG.Becker
21;DeniseCrosby
21;WhoopiGoldberg
21;DianaMuldaur
21;PattiYasutake
21;NoraLeonhardt
21;DennisMadalone
21;MichelleForbes
21;RosalindChao
21;JohndeLancie
21;BrianBonsall
21;DwightSchultz
21;RobertOReilly
21;SheilaFranklin
21;CarelStruycken
21;AprilGrace
21;NatalijaNogulich
21;LaneiChapman
21;AndreasKatsulas
21;MichaelRider
21;ArminShimerman
21;MarcAlaimo
21;JerryHardin
21;BrianCousins
21;CarolynSeymour
21;SuziePlakson
21;JamesCromwell
21;TonyTodd
21;JohnDurbin
21;ClydeKusatsu
21;BarbaraMarch
21;PeterMarx
21;GwynythWalsh
21;NormanLarge
21;PamelaWinslowKashani
21;KenThorley
21;EricMenyuk
21;RickeyDShonCollins
21;RhondaAldrich
21;BradZerbst
22;PatHealy
22;GenevieveZweig
22;MarkFlanagan
22;NeilFlynn
22;RodMcLachlan
22;AllanGraf
22;PattonOswalt
22;RaymondBigGuyGonzales
22;BradHunt
22;JimMeskimen
22;ChrisOHara
22;ClementBlake
22;FrankElmore
22;JohnKraftSeitz
22;CoryBuck
22;TomCruise
22;TimSoronen
22;JimOrtlieb
22;MeloraWalters
22;PhilipBakerHall
22;ThomasJane
22;HollyHouston
22;MelindaDillon
22;JeremyBlackman
22;MichaelBowen
22;BenjaminNiedens
22;WilliamH.Macy
22;VeronicaHart
22;MissySpellTanner
22;JamesKiriyama-Lem
22;JasonJakeCross
22;CharlieScott
22;PhilipSeymourHoffman
22;JasonRobards
22;JuanMedrano
22;JulianneMoore
22;JohnC.Reilly
22;JohnPritchett
22;CleoKing
22;DonMcManus
22;MichaelShamusWiles
22;AprilGrace
22;JasonAndrews
22;JohnS.Davies
22;KevinBreznahan
22;MiguelP?rez
22;AlfredMolina
22;DavidMasuda
22;NeilPepe
22;LionelMarkSmith
22;AnnetteHelde
22;EmmanuelJohnson
22;LynneLerner
22;FelicityHuffman
22;ScottBurkett
22;BobBrewer
22;JulieBrewer
22;NancyMarston
22;MaureyMarston
22;JamalaGaither
22;DannyWells
22;AmyBrown
22;EileenRyan
22;MeagenFay
22;PatriciaForte
22;LuisGuzm?n
22;PatrickWarren
22;OrlandoJones
22;VirginiaPereira
22;CraigKvinsland
22;PatriciaScanlon
22;HenryGibson
22;NatalieMarston
22;BobbyBrewer
22;ClarkGregg
22;RickyJay
22;ArtFrankel
22;MattGerald
22;GuillermoMelgarejo
22;PaulF.Tompkins
22;MaryLynnRajskub
22;JimBeaver
22;EzraBuzzington
22;DeniseWoolfork
22;MichaelMurphy
22;NewWorldHarmonicaTrio
22;RobertDowneySr.
22;WilliamMapother
22;LarryBallard
22;BrettHiggins
22;BrianHiggins
22;MichaelLeePhillipsJr.
22;LillianAdams
22;StevenBush
22;MikeMassa
22;DaleGibson
22;ScottAlanSmith
22;PaulThomasAnderson
22;BrunoAngelico
22;RobertBella
22;GregBronson
22;DouglasBusby
22;ChristinaEliason
22;BruceGregory
22;ThomasGriffin
22;PhilHawn
22;TedHollis
22;BrianKehew
22;MichaelLaren
22;AimeeMann
22;MiriamMargolyes
22;PaulMcMichael
22;ArnoldMontey
22;TomOhmer
22;LynneOropeza
22;ColleenPelletier
22;DaynaPrice
22;HerbSantosJr.
22;TomTangen
22;SeanWilson
22;JunichiYanagita
23;DamonWayans
23;MichaelIronside
23;BamBamBigelow
23;JosephBlaire
23;OrlandoBrown
23;PeytonChesson-Fohl
23;StephenColeman
23;MarkConway
23;DavidDeHart
23;JoshuaToddDiveley
23;RobertFaraoniJr.
23;MichaelGabel
23;AlbertHall
23;WilliamHickey
23;RossBickell
23;R.J.Knoll
23;AndrewLeeds
23;DeanLorey
23;MarkW.Madison
23;BradMartin
23;StevenMartini
23;ChrisOwen
23;KarynParsons
23;SeymourSwan
23;LeonardL.Thomas
23;HechterUbarry
23;CarolynWalker
23;DamienDanteWayans
23;R.StephenWiles
23;ChrisWilliams
23;TommyWiles
23;AlCerullo
23;JohnLouisFischer
23;P.RodneyBarnes
23;CurtisBush
23;ShannonFisher
23;JeffMcBath
23;BrianMcTamaney
23;RobertShepherd
23;ChaxStern
24;DanAykroyd
24;JamieLeeCurtis
24;MacaulayCulkin
24;AnnaChlumsky
24;RichardMasur
24;GriffinDunne
24;AnnNelson
24;PeterMichaelGoetz
24;JaneHallaren
24;AnthonyR.Jones
24;TomVillard
24;LaraSteinick
24;KristianTruelsen
24;DavidCaprita
24;JodyWilson
24;LindaPerri
24;NancyL.Chlumsky
24;GlendaChism
24;BillCordell
24;RayBuktenica
24;GeorgeColangelo
24;AnthonyFinazzo
24;ShaneObedzinski
24;ZacharyMcLemore
24;T.J.Collazo
24;CassiAbel
24;AmandaCole
24;BreeButler
24;HarveyBellman
24;JohnH.deRussy
24;HenryKohn
24;FlorenceMistrot
24;AnthonyGiaimo
24;EdgarAllanPoeIV
24;RobertV.Girolami
24;KurtSmildsin
24;PaulNagleJr.
24;LynnSellers
24;BlairBarnette
24;SvenGranlund
24;VictorIemolo
24;KevinScottRichardson
24;L.A.Rothman
25;MartinMason
25;DocBond
25;CharlesHoward
25;Mrs.CharlesHoward
25;CharlesKurtsinger
25;ManoWar
25;GrahamMcNamee
25;SamRiddle
25;Seabiscuit
25;TomSmith
25;AlfredG.Vanderbilt
25;WarAdmiral
25;GeorgeWoolf
26;TreyParker
26;MattStone
26;KristenMiller
26;MasasaMoyo
26;DaranNorris
26;PhilHendrie
26;MauriceLaMarche
26;ChelseaMarguerite
26;JeremyShada
26;FredTatasciore
26;JohnD.Kim
26;PaulLouis
26;ChristinePapalexis
26;ElleRuss
27;BruceWillis
27;DamonWayans
27;ChelseaField
27;NobleWillingham
27;TaylorNegron
27;DanielleHarris
27;HalleBerry
27;BruceMcGill
27;BadjaDjola
27;KimCoates
27;ChelcieRoss
27;JoeSantos
27;ClarenceFelder
27;TonyLongo
27;FrankCollison
27;BillMedley
27;VerneLundquist
27;DickButkus
27;LynnSwann
27;BillyBlanks
27;KenKells
27;MorrisChestnut
27;MichaelJ.Fisher
27;DougSimpson
27;JoeElRady
27;DavidMcMillan
27;BenjaminAgee
27;DonnaW.Scott
27;DeniseAmes
27;FrankKopyc
27;TealRoberts
27;SaraSuzanneBrown
27;RyanCutrona
27;EddieGriffin
27;JohnCenatiempo
27;MichaelPapajohn
27;MattJohnston
27;EdmundVilla
27;JamesKeane
27;JackKehler
27;DukeValenti
27;DennisGarber
27;MannyPerry
27;VicManni
27;FrankFerrara
27;ErikOnate
27;RobertApisa
27;ShaneDixon
27;RickDucommun
27;E.BrianDean
27;DickZiker
27;FredLerner
27;JohnMeier
27;DonPulford
27;DennisPacker
27;GeneBorkan
27;KevinBourland
27;JeffHochendoner
27;StevePicerni
27;CraigA.Pinckes
27;CarmineZozzora
27;TheresaSt.Clair
27;EdBeheler
27;ColbyKline
27;RobertM.Bouffard
27;KristinCoppola
27;AdamDiSpirito
27;JamesGandolfini
27;RobertGatewood
27;StevenA.Hite
27;AnneLockhart
27;RayK.Morris
27;PatrickRusso
27;JulieK.Smith
27;USCTrojanMarchingBand
28;HannahTaylorGordon
28;TalyaGordon
28;LindsayDuncan
28;BruceByron
28;JamesPurefoy
28;SheilaGish
28;HaroldPinter
28;ElizabethEaton
28;ElizabethEarl
28;PhilipSarson
28;AmeliaWarner
28;FrancesOConnor
28;JonnyLeeMiller
28;VictoriaHamilton
28;HughBonneville
28;JustineWaddell
28;EmbethDavidtz
28;AlessandroNivola
28;CharlesEdwards
28;SophiaMyles
28;HiltonMcRae
28;AnnaPopplewell
28;DannyWorters
28;GordonReid
28;JackMurphy
28;PeterCurtis
28;EmmaFlett
28;WendyWoodbridge
28;ElizaDarby
28;RichardOliff
29;SteveHarvey
29;D.L.Hughley
29;CedrictheEntertainer
29;BernieMac
30;ShahRukhKhan
30;SushmitaSen
30;SunielShetty
30;ZayedKhan
30;AmritaRao
30;KabirBedi
30;NaseeruddinShah
30;BomanIrani
30;Bindu
30;SatishShah
30;KirronKher
30;NassarAbdulla
30;KunalKumar
30;RajivPanjabi
30;RakhiSawant
30;MurliSharma
30;PraveenSirohi
30;ShajiChaudhary
30;SumeetGoradia
30;GeetaKapoor
30;SajidKhan
30;CharanSaluja
30;Tabu
31;AamirKhan
31;SaifAliKhan
31;AkshayeKhanna
31;PreityZinta
31;SonaliKulkarni
31;DimpleKapadia
31;AyubKhan
31;RajatKapoor
31;SuhasiniMulay
31;AhmedKhan
31;SuchitraPillai
31;AnjulaBedi
31;RakeshPandey
31;SamanthaTremayne
31;Claire
31;Clarence
31;AsadDadarkar
31;BomiDoctor
31;BeatriceGibson
31;KannuGill
31;YusufHussain
31;RioKapadia
31;SimranMakhija
31;DeepakMalhotra
31;ShailMehta
31;SarahNeilson
31;Shaina
31;Shilpa
31;AnandSubaya
31;MandalaTayde
31;MeenakshiVerma
31;GordonWaddell
31;KerryCasey
31;KiranRao
32;PaulAhmarani
32;GuyDubuc
32;MarcLessard
32;Marie-Jos?eFrigon
32;SimonGodin
32;MartinRoy
32;LaurFug?re
32;FrancescaGagnon
32;Jorane
32;MathieuLavoie
32;DanielaMercury
32;YoussouNDour
32;FrancinePoitras
32;êliseVeille
32;AntatolAshourkov
32;JosephDominicBauer
32;SylvainBeauchamps
32;êlianeBonin
32;R?gineCadet
32;CassandraCarrara
32;IsabelleChasse
32;AnnaCuellar
32;YvanC?t?
32;YvesDecoste
32;RobertDethier
32;AnnickDetolle
32;PierreDuhaime
32;MichelDupire
32;Jo?lleGagnon
32;Katherine-M?lodieGauvreau
32;Marc-Andr?Gendron
32;CharlyneGuay
32;IsabelleHontebeyrie
32;SergeyKristsyne
32;ZoltanLang
32;ChrisLashua
32;AboubacarMan?
32;LucieContantMarcotte
32;Marie-LaureMesnage
32;IsabelleMichon-Campbell
32;TiffanyMoey
32;AnneOlivelli
32;LouisPerreault
32;SaraR?n?lique
32;FredUmani
33;RajeshKhanna
33;JayaBachchan
33;UshaKiran
33;HarindranathChattopadhyay
33;A.K.Hangal
33;DurgaKhote
33;Asrani
33;KaliBannerjee
33;Paintal
33;RajuShrestha
33;AmitabhBachchan
33;Manisha
33;Suraj
33;SeemaKapoor
34;MacaulayCulkin
34;JohnLarroquette
34;EdwardHerrmann
34;ChristineEbersole
34;JonathanHyde
34;MichaelMcShane
34;ChelcieRoss
34;MariangelaPino
34;StephiLineburg
34;MichaelMaccarone
34;JoelRobinson
34;JonathanHilario
34;ReggieJackson
34;ClaudiaSchiffer
34;WandaChristine
34;StacyLogan
34;EddieBoSmithJr.
34;KentLogsdon
34;SeanA.Tate
34;DavidFawcett
34;RobRiley
34;DawnMaxey
34;BenStein
34;JoelEllegant
34;JustinZaremby
34;JohnDrury
34;DiannBurns
34;RushPearson
34;RachelStephens
34;NydiaRodriguezTerracina
34;MikeBacarella
34;SamSanders
34;MarilynDoddsFrank
34;MindyBell
34;JamesDeuter
34;RickWorthy
34;MichaelGodleski
34;MattDeCaro
34;RoryCulkin
34;PeterLampley
34;EddieJ.Fernandez
34;LilySemel
34;JamesDeeth
34;JoannePankow
34;JamesBlanford
34;DustinDrapkin
34;JeffDlugolecki
34;BruceGreen
34;C.MichaelHaynes
34;JanJackson
34;WaynePaulLiles
34;KevinMukherji
34;RobertOliver
34;KeithSchrader
34;JohnThurner
34;FrankWelker
35;MikeMyers
35;HeatherGraham
35;MichaelYork
35;RobertWagner
35;RobLowe
35;SethGreen
35;MindySterling
35;VerneTroyer
35;ElizabethHurley
35;GiaCarides
35;OliverMuirhead
35;GeorgeCheung
35;JeffreyMeng
35;MuseWatson
35;ScottCooper
35;DouglasFisher
35;KevinCooney
35;ClintHoward
35;BrianHooks
35;DavidKoechner
35;FrankClem
35;HerbMitchell
35;SteveEastin
35;JaneCarr
35;KevinDurand
35;MelissaJustin
35;NicholasWalker
35;StephenHibbert
35;DavidCoy
35;DavidCrigger
35;TomEhlen
35;DennisWilson
35;EricWinzenried
35;TimBagley
35;ColtonJames
35;MikeHagerty
35;JackKehler
35;KirkWard
35;JeffGarlin
35;RachelWilson
35;JenniferCoolidge
35;JohnMahon
35;MichaelMcDonald
35;JeanetteMiller
35;MaryJoSmith
35;CarrieAnnInaba
35;JenniferHamilton
35;AyeshaOrange
35;NatalieWilles
35;JohnR.Corella
35;AlisonFaulk
35;MichelleElkin
35;ShealanSpencer
35;TovarisWilson
35;BreeTurner
35;MarisaGilliam
35;MarkMeismer
35;SalvatoreVassallo
35;JasonYribar
35;ChekeshaVanPutten
35;TaraMouri
35;GiggiYazicioglu
35;SarahChristineSmith
35;FauneChambersWatkins
35;GabrielPaige
35;JimBoensch
35;RonUlstad
35;TimothyWatters
35;ToddM.Schultz
35;SteveWilkos
35;MichelleSritenkoAfricano
35;NathalieS.Bartleson
35;JanineM.Bekker
35;KhadijaCutcher
35;MaryDettmer
35;AnnieHenry
35;TracyGayeski
35;TracyLong
35;LaurieMartin
35;JillSavery
35;MargotThien
35;KimiCochrun
35;BurtBacharach
35;ElvisCostello
35;WillFerrell
35;WoodyHarrelson
35;KristenJohnston
35;CharlesNapier
35;WillieNelson
35;TimRobbins
35;RebeccaRomijn
35;JerrySpringer
35;FredWillard
35;JessicaAnneBogart
35;RobertCohen
35;DarrowDickey
35;ColetteDivine
35;DanGilman
35;PhilHawn
35;MaxHerholz
35;DavidHutchison
35;TomIvanjack
35;TonyJay
35;LanaKinnear
35;BrysonLang
35;HarishMandyam
35;StephenA.MarinaccioII
35;BrandonMolale
35;AllieMoss
35;BillODonnell
35;JeanineOrci
35;MitchRouse
35;TeddySandman
35;SiriShiva
35;LisaVarga
35;AndreannaVeith
36;NickBroomfield
36;KurtCobain
36;CourtneyLove
36;MariEarle
36;TraceyMarander
36;AliceWheeler
36;HankHarrison
36;RozzRezabek
36;AmySquier
36;TomGrant
36;DylanCarlson
36;AlBowman
36;JackBriggs
36;ElDuce
36;ChelseaRae
36;VictoriaMaryClarke
36;PatSmear
36;LarryFlynt
36;DannyGoldberg
36;SamRubin
36;VincentSchiavelli
37;RalphMacchio
37;PatMorita
37;ElisabethShue
37;MartinKove
37;RandeeHeller
37;WilliamZabka
37;RonThomas
37;RobGarrison
37;ChadMcQueen
37;TonyODell
37;IsraelJuarbe
37;WilliamBassett
37;LarryB.Scott
37;JuliFields
37;DanaAndersen
37;FrankBurtAvalon
37;JeffFishman
37;KenDaly
37;TomFridley
37;PatE.Johnson
37;BruceMalmuth
37;DarrylVidal
37;FrancesBay
37;ChristopherKriesa
37;BernieKuby
37;JoanLemmo
37;HelenSiff
37;LarryDrake
37;AbbottAlexander
37;MollyBasler
37;BrianDavis
37;DavidDeLange
37;ErikFelix
37;PeterJason
37;ToddLookinland
37;ClarenceMcGeeJr.
37;WilliamNorren
37;SamScarber
37;ScottStrader
37;ChrisCasamassa
37;DonaldDeNoyer
37;CharlesGallant
37;KatherynGallant
37;KellyGallant
37;DavidLeBell
37;TomLevy
37;FreemanLove
37;MontyOGrady
37;RichardPatrick
37;StanRodarte
37;AndrewShue
37;SharonSpelman
37;MilankaStevens
37;NicoStevens
37;RobertStrong
37;DuffTallahassee
37;ShannonWilcox
38;AndersonCooper
38;HeatherCampbellWillison
38;DorothyHui
38;BillMcDaniel
38;AlSpielman
38;JonKelley
38;VictoriaGarza
38;MarkLambrecht
38;MichaelBribiesca
38;BobbyODonnell
38;MarcieCiscel
38;NicoleWilliams
38;PaulGrassi
38;AlexJacobs
38;LizCain
38;AliSonoma
38;ClayCauley
38;CraigSlike
38;KristenWilleumier
38;KathrynPrice
38;DarwinConner
38;StevenCowles
38;JimMorrison
38;KatieMills
38;ElaviaBello
38;CharlieMcGowan
38;MyraBrown
38;KatePahls
38;AhmadRashad
38;JenniferBiondi
38;RobNelson
38;KathyGriffin
38;ErikvonDetten
38;FrederiqueVanDerWal
38;PatrickGuilfoyle
38;HenryWentz
38;StephenBaldwin
38;CorbinBernsen
38;WendiWendt
38;LisaNoller
38;MichaelBoatman
38;AfiEkulona
38;AliGorman
38;KimColes
38;ManuelHerrera
38;BobPaulhus
38;DennisRodman
38;AngieEverhart
38;MarkCurry
38;TraceyGold
39;T?ruFuruya
39;Sh?ichiIkeda
39;HirotakaSuzuoki
39;MariaKawamura
39;NozomuSasaki
39;K?ichiYamadera
39;MitsukiYayoi
39;YoshikoSakakibara
39;FuyumiShiraishi
39;ShingoHiromori
39;ShinobuAdachi
39;KazueIkura
39;KeikoHan
39;AlainaBurnett
39;LouisChirillo
39;TrevorDevall
39;BrianDobson
39;JennForgie
39;AngelaHendricks
39;MitsuakiHoshino
39;MasaruIkeda
39;Takk?Ishimori
39;Unsh?Ishizuka
39;WillowJohnson
39;ChrisKalhoon
39;KazueKomiya
39;MichaelKopsa
39;NicoleLeroux
39;JocelyneLoewen
39;DaneMacFahden
39;DavidMackay
39;TomokoMaruo
39;ScottMcNeil
39;KirbyMorrow
39;YasuoMuramatsu
39;ColinMurdock
39;TyOlsson
39;PoppyOna
39;HiroyukiShibamoto
39;ShunsukeShima
39;BinShimada
39;YutakaShimata
39;MayumiSh?
39;KazuyasuSogabe
39;BradSwaile
39;BillSwitzer
39;ShunsukeTakamiya
39;HiroshiTakemura
39;K?jiTotani
39;ShigeruUshiyama
39;CathyWeseluck
40;DuaneMartin
40;VivicaA.Fox
40;MeaganGood
40;MichaelTaliferro
40;Jadakiss
40;GeoffreyBlake
40;DanielDaeKim
40;BrooklynMcLinn
40;StickyFingaz
40;IonaMorris
40;MirandaKwok
40;StaceyDash
40;GabrielleUnion
40;FaizonLove
40;ZacharyIsaiahWilliams
40;MonicaDeAngelis
40;DarcyDonavan
40;TanishaGrant
40;MyquanJackson
40;GwenMcGee
40;SomayaReece
40;Shadii
40;SummerSimmons
40;Smalls
40;LaureeSugar
40;OrenWilliams
40;WilliamShipman
41;Metallica
41;LarsUlrich
41;KirkHammett
41;RobertTrujillo
41;JamesHetfield
41;Echobrain
41;MichaelAnsaldo
41;EricAvery
41;UweBradke
41;CliffBurnstein
41;CliffBurton
41;CrazyCabbie
41;MartinCarlsson
41;SteffanChirazi
41;KnutClaussen
41;DylanDonkin
41;MarceloFlores
41;EricaForstadt
41;AntonioFreitas
41;GioGasparetti
41;MikeGillies
41;BrettGorvy
41;LaniHammett
41;ZachHarmon
41;EricHelmkamp
41;CaliTeeHetfield
41;CastorVirgilHetfield
41;FrancescaHetfield
41;MasanoriIto
41;PepperKeenan
41;MarkoLehtinen
41;DannyLohner
41;ZaneLowe
41;ElenaLuciano
41;WillMacLachlan
41;PeterMensch
41;PamMoore
41;FrankMunoz
41;DaveMustaine
41;JohnNorris
41;NathanielOliverGrey
41;PeterPaterno
41;ScottReeder
41;ScottReeder
41;ScottReeder
41;MarcReiter
41;BobRock
41;BrianSagrafena
41;SkylarSatenstein
41;NiclasSwanlund
41;PhilTowle
41;MylesUlrich
41;TorbenUlrich
41;JeordieWhite
41;PatriciaWiig
41;StevenWiig
41;ChrisWyse
41;JoeBerlinger
41;DanBraun
41;JasonNewsted
41;BruceSinofsky
41;OrrieV.
42;JetLi
42;DMX
42;AnthonyAnderson
42;KellyHu
42;TomArnold
42;MarkDacascos
42;GabrielleUnion
42;MichaelJace
42;Drag-On
42;PaigeHurd
42;PaoloSeganti
42;RichardTrapp
42;RonYuan
42;WoonYoungPark
42;JohnnyNguyen
42;MarcusYoung
42;StephenQuadros
42;SeanCory
42;TheodoreTour?JohnsonJr.
42;BethGains
42;GwenMcGee
42;RoxanaBrusso
42;MaximilianA.Mastrangelo
42;LesterSpeight
42;DocNewman
42;PaoloMastropietro
42;MartinKlebba
42;ShawnHollinger
42;TimStorms
42;RandyCouture
42;HectorEchavarria
42;TitoOrtiz
42;TomMcCleister
42;WileyM.Pickett
42;AndreWare
42;LarryJoshua
42;ChicDaniel
42;JohnDohle
42;JamesHart
42;JakeMuxworthy
42;MattBaker
42;DanielDaeKim
42;DougSpearman
42;HaniAlNaimi
42;JulieduPage
42;HariDhillon
42;PeterJ.Lucas
42;ErikBetts
42;AnthonyBoco
42;TroyBrenna
42;AaronBrumfield
42;ChrisButler
42;ArnoldChon
42;MichaelCunio
42;KevinGrevioux
42;MarkHicks
42;LisaJammal
42;WilliamL.Johnson
42;ChuckLiddell
42;NikkiMartin
42;ChiMcBride
42;RichieParker
42;BobPerry
42;UngenitaPrevost
42;GaryRodriguez
42;D.Y.Sao
42;VanessaThomson
42;AaronToney
42;GarrettWarren
42;NatashaYi
43;MichaelPar?
43;DianeLane
43;RickMoranis
43;AmyMadigan
43;WillemDafoe
43;DeborahVanValkenburgh
43;RichardLawson
43;RickRossovich
43;BillPaxton
43;LeeVing
43;StoneyJackson
43;GrandL.Bush
43;RobertTownsend
43;MykeltiWilliamson
43;ElizabethDaily
43;LynneThigpen
43;MarineJahan
43;EdBegleyJr.
43;JohnDennisJohnston
43;HarryBeer
43;OliviaBrown
43;KipWaldo
43;PeterJason
43;MatthewLaurance
43;SarahMarten
43;TamuBlackwell
43;RicMoreno
43;AntonieBecker
43;ElizabethJordan
43;SusanCheng
43;VickiIovine
43;JohnHateley
43;RockA.Walker
43;PaulMones
43;VinceDeadrickJr.
43;PaulM.Lane
43;BerniePock
43;SpiroRazatos
43;JeffSmolek
43;WilliamBeardII
43;StuartKimball
43;Angelo
43;JohnRyder
43;DaveAlvin
43;PhilipAlvin
43;LeeAllen
43;WilliamBateman
43;JohnBazz
43;EugeneTaylor
43;SteveBerlin
43;ShermanBigTrainBergman
43;KathyGriffin
43;MollyHansen
43;DavidLeBell
43;RichardPatrick
43;TomWaters
43;ChuckZito
44;AlanAlda
44;CarolBurnett
44;LenCariou
44;SandyDennis
44;RitaMoreno
44;JackWeston
44;BessArmstrong
44;ElizabethAlda
44;BeatriceAlda
44;RobertHitt
44;KristiMcCarthy
44;DavidStackpole
45;ClintEastwood
45;ChiefDanGeorge
45;SondraLocke
45;BillMcKinney
45;JohnVernon
45;PaulaTrueman
45;SamBottoms
45;GeraldineKeams
45;WoodrowParfrey
45;JoyceJameson
45;ShebWooley
45;RoyalDano
45;MattClark
45;JohnVerros
45;WillSampson
45;WilliamOConnell
45;JohnQuade
45;FrankSchofield
45;BuckKartalian
45;LenLesser
45;DougMcGrath
45;JohnRussell
45;CharlesTyner
45;BruceM.Fischer
45;JohnMitchum
45;JohnDavisChandler
45;TomRoyLowe
45;ClayTanner
45;BobHoy
45;MadeleineTaylorHolmes
45;ErikHolland
45;CissyWellman
45;FayeHamblin
45;DannyGreen
45;StephenDouglasButler
45;FrankCockrell
45;KyleEastwood
45;RichardFarnsworth
45;JohnHudkins
45;WalterScott
46;RicHeitzman
46;GeorgeMcGrath
46;AlisonMork
46;PaulReubens
46;WayneWhite
46;JohnParagon
46;KevinCarlson
46;LynneMarieStewart
46;WilliamMarshall
46;LaurenceFishburne
46;S.EpathaMerkerson
46;SuzanneKent
46;JohannCarlo
46;GregoryHarrison
46;GilbertLewis
46;VicTrevino
46;RolandRodriguez
46;ShirleyStoler
46;PhilHartman
46;NatashaLyonne
46;ShaunWeiss
46;DianeYangKirk
46;VaughnTyreeJelks
46;AlisanPorter
46;StephanieWalski
46;CalvertDeForest
46;MillyDelRubio
46;BernardFox
46;StephenParr
46;LeslieJordan
46;JimmySmits
46;MartinAzarow
46;ElenaDelRubio
46;SteveJames
46;SandraBernhard
46;MaxRobert
46;BrandonToddBarrad
46;EadieDelRubio
46;JoeyMiyashima
46;MyrnaWhite
46;RosemarySykes
46;AnnaSeidman
46;BillFreiberger
46;RoyRede
46;JoeZimmerman
47;LilyTomlin
47;DanielDeSanto
47;EricaLuttrell
47;TaraMeyer
47;MaiaFilar
47;LisaJai
47;StuartStone
47;Malcolm-JamalWarner
47;DannyTamberelli
47;AndreOttley-Lorant
47;AmosCrawley
47;MaxBeckford
47;SusanBlu
47;RenessaBlitz
47;DonDickinson
47;AshleyTaylor
47;AshleyBrown
47;KevinZegers
47;PaulWinfield
47;DoronBell
47;GilFilar
47;RubySmith-Merovitz
47;ByronAbalos
47;ChantelleseKent
47;AsiaVieira
47;LancePaton
47;MelissaBathory
47;ShannonDuff
47;DovTiefenbach
47;SwoosieKurtz
47;TyneDaly
47;JacelynHolmes
47;TonyRandall
47;JamesRankin
47;RosalindChao
47;RitaMoreno
47;AnnickObonsawin
47;KateRodriguez
47;NickBujnak
47;BlakeMcGrath
47;NoahReid
47;TyroneSavage
47;SarahAnnKennedy
47;BrittMcKillip
47;EdBegleyJr.
47;RobbyBenson
47;CarolChanning
47;DomDeLuise
47;CindyWilliams
47;DanMarino
48;HughGrant
48;JamesFleet
48;SimonCallow
48;JohnHannah
48;KristinScottThomas
48;DavidBower
48;CharlotteColeman
48;AndieMacDowell
48;TimothyWalker
48;SaraCrowe
48;RonaldHerdman
48;ElspetGray
48;PhilipVoss
48;RupertVansittart
48;NicolaWalker
48;PaulStacey
48;SimonKunz
48;RowanAtkinson
48;RobinMcCaffrey
48;MichaelMears
48;KennethGriffith
48;DavidHaig
48;SophieThompson
48;CorinRedgrave
48;DonaldWeedon
48;NigelHastings
48;EmilyMorgan
48;AmandaMealing
48;MelissaKnatchbull
48;PollyKemp
48;AnnaChancellor
48;HannahTaylorGordon
48;BerniceStegers
48;RobertLang
48;JeremyKemp
48;RosalieCrutchley
48;KenDrury
48;StruanRodger
48;LucyHornak
48;RandallPaul
48;PatStarr
48;TimThomas
48;NevillePhillips
48;SusannaHamnett
48;JohnAbbott
48;RichardButler
48;DavidWright
48;RayUren
48;GordonBlackwell
48;RonGriffiths
48;RichardAllen
48;MarkJames
48;JasonBruer
48;SimonWallace
48;JasonMcDermid
48;BrynBurrows
48;PauletteIvory
48;MarkChapman
48;ChristineHewett
48;LewHooper
48;JulietteJames
48;DuncanKenworthy
48;DexterKoh
48;GuyStandeven
48;PhilipStone
49;DanielCraig
49;TomHardy
49;JamieForeman
49;SallyHawkins
49;BurnGorman
49;BrinleyGreen
49;GeorgeHarris
49;TamerHassan
49;ColmMeaney
49;MarcelIures
49;FrancisMagee
49;DimitriAndreas
49;KennethCranham
49;GarryTubbs
49;NathalieLunghi
49;MarvinBenoit
49;RabAffleck
49;DexterFletcher
49;SteveJohnShepherd
49;BenWhishaw
49;SiennaMiller
49;PaulOrchard
49;StephenWalters
49;LouisEmerick
49;DarrenHealy
49;MattRyan
49;IvanKaye
49;JasonFlemyng
49;BenBrazier
49;NeilFinnighan
49;MichaelGambon
49;BudgePrewitt
49;DonMcCorkindale
49;DraganMicanovic
49;JamesDodd
49;DarrenSeanEnright
49;JensenFreeman
49;SteveHooper
49;PhilipHoward
49;Kelly-MarieKerr
49;KinkyKerry
49;ArnoldMontey
49;PeterRnic
49;NickThomas-Webster
49;LucyWills
50;AamirKhan
50;SalmanKhan
50;RaveenaTandon
50;KarismaKapoor
50;PareshRawal
50;ShaktiKapoor
50;ShehzadKhan
50;VijuKhote
50;DevenVerma
50;Jagdeep
50;Mehmood
50;TikuTalsania
50;SureshBhagwat
50;HarishPatel
50;JavedKhan
50;AnandMishra
50;SanjayBatra
50;Govinda
50;JuhiChawla
51;CharlizeTheron
51;ChristinaRicci
51;BruceDern
51;LeeTergesen
51;AnnieCorley
51;PruittTaylorVince
51;MarcoSt.John
51;MarcMacaulay
51;ScottWilson
51;RusBlackwell
51;TimWare
51;StephanJones
51;BrettRice
51;KaitlinRiley
51;CreeIvey
51;CatherineMangan
51;MagdalenaManville
51;T.RobertPigott
51;RomondaShaver
51;GlennR.Wilder
51;ElaineStebbins
51;KaneHodder
51;ChristianStokes
51;LyllianBarcaski
51;NonaleeDavis
51;BubbaBaker
51;Al
51;Cannonball
51;ChadVaccarino
51;GeneR.Stephenson
51;JesseStern
51;BillBoylan
51;JimR.Coleman
51;ChandraLeigh
51;LoriMcDonald
51;AdamBrown
51;RobbChamberlain
51;EdDonovan
51;KhrisGibston
52;JenniferBeals
52;LeishaHailey
52;LaurelHolloman
52;MiaKirshner
52;KatherineMoennig
52;PamGrier
52;RachelShelley
52;DanielaSea
52;ErinDaniels
52;MarleeMatlin
52;RoseRollins
52;SarahShahi
52;DallasRoberts
52;PrestonCook
52;OliviaWindbiel
52;LaurenLeeSmith
52;CybillShepherd
52;JonWolfeNelson
52;KarinaLombard
52;EricMabius
52;JaneLynch
52;KateFrench
52;AlexandraHedison
52;BrianMarkinson
52;JaninaGavankar
52;MalayaRiveraDrew
52;AidanJarrar
52;EricLively
52;KristannaLoken
52;MeredithMcGeachie
52;HollandTaylor
52;MichaelTomlinson
52;ClementineFord
52;BruceDawson
52;JacksonAllan
52;StevenEckholdt
52;EileenBui
52;AliciaLeighWillis
52;ElizabethKeener
52;JudithMaxie
52;DarylShuttleworth
52;AlexFerris
52;AlanCumming
52;KellyLynch
52;RogerCross
52;MeiMelan?on
52;SimoneBailly
52;SusanHogan
52;KwesiAmeyaw
52;DanielleKremeniuk
53;EricRoberts
53;PhillipRhee
53;JamesEarlJones
53;SallyKirkland
53;ChrisPenn
53;JohnDye
53;DavidAgresta
53;TomEverett
53;LouiseFletcher
53;JohnP.Ryan
53;EdanGross
53;SimonRhee
53;MasterHeeIlCho
53;JamesLew
53;KenNagayama
53;MasterHoSikPak
53;DaeKyuChang
53;DianeMizrahi
53;CalBartlett
53;AhmadRashad
53;EdwardBunker
53;HelenFunai
53;EugeneChoe
53;BobTelford
53;RickyBarnard
53;DannyGibson
53;GregWilliams
53;DavidRody
53;SamanthaScully
53;AdrianneSachs
53;MelanieKinnaman
53;KaneHodder
53;SteveHulin
53;PeteAntico
53;WilliamH.BurtonJr.
53;SteveSantosusso
53;OrionMasters
53;MiriamEzra
53;JonathanStrauss
53;JefferyJagger
53;DavidPark
53;ChangParkKim
53;KwangJaeLee
53;MichaelE.Burgess
53;FabianCarrillo
53;TyraRene?Fuller
53;MyloIronbear
53;TonyMoya
54;NoelAppleby
54;AliAstin
54;SeanAstin
54;DavidAston
54;JohnBach
54;SeanBean
54;CateBlanchett
54;OrlandoBloom
54;BillyBoyd
54;SadwynBrophy
54;AlistairBrowning
54;MartonCsokas
54;RichardEdge
54;JasonFitch
54;BernardHill
54;IanHolm
54;BruceHopkins
54;IanHughes
54;LawrenceMakoare
54;IanMcKellen
54;BretMcKenzie
54;SarahMcLeod
54;MaisyMcLeod-Riera
54;DominicMonaghan
54;ViggoMortensen
54;JohnNoble
54;PaulNorell
54;MirandaOtto
54;BrucePhillips
54;ShaneRangi
54;JohnRhys-Davies
54;ToddRippon
54;ThomasRobins
54;AndySerkis
54;HarrySinclair
54;PeterTait
54;JoelTobeck
54;LivTyler
54;KarlUrban
54;StephenUre
54;HugoWeaving
54;DavidWenham
54;ElijahWood
54;AlanHoward
54;SalaBaker
54;RobertPollock
54;RossDuncan
54;PeteSmith
54;JedBrophy
54;LeeHartley
54;BillyJackson
54;KatieJackson
54;PhilGrieve
54;BradDourif
54;ChristopherLee
54;BruceSpence
54;JaneAbbott
54;GinoAcevedo
54;AidanBell
54;JarlBenzon
54;J?rnBenzon
54;LukeBurnyeat
54;RobertCatto
54;EmmaDeakin
54;MichaelElsworth
54;ClintElvy
54;ZoHartley
54;PeterJackson
54;SandroKopp
54;AndrewLesnie
54;JosephMika-Hunt
54;HenryMortensen
54;CraigParker
54;RickPorras
54;ChristianRivers
54;MichaelSemanick
54;HowardShore
54;JohnStephenson
54;RichardTaylor
54;RoydTolkien
55;LillianAdams
55;HerbertW.Ankrom
55;BryanAnthony
55;ChristinaApplegate
55;LindaAsuma
55;JasonBateman
55;VaheBejan
55;JoeBellan
55;SelmaBlair
55;ChelseaBond
55;AlexanderChance
55;JudithChapman
55;CharlieDell
55;RichardDenni
55;CameronDiaz
55;TimothyJ.Dodge
55;GeorgiaEngel
55;RickEvans
55;AnnE.Fields
55;MelanieH.Gassaway
55;JenniferGimenez
55;SienaGoines
55;MarcGoldsmith
55;FrankGrillo
55;ThomasJane
55;TriaKatz
55;CraigKvinsland
55;JohnLehr
55;LorenLester
55;EddieJ.Low
55;MasonLucero
55;OliviaLucero
55;GeorgeMaguire
55;MaryMahagian
55;JamesMangold
55;EddieMcClintock
55;JohnnyMessner
55;JillMiller
55;MitchMullany
55;ShannonMurphy
55;PhilipPavel
55;JohnBennettPerry
55;ParkerPosey
55;NancyPriddy
55;MannyRodriguez
55;MaxRosa
55;AndreaSabesin
55;JeanneSakata
55;HellenaTaylor
55;DavidNathanSchwartz
55;LindaStein
55;JonathonE.Stewart
55;ErikStolhanske
55;Stryker
55;DarnellSuttles
55;SybilDarrow
55;BrandenWilliams
55;DamonWilliams
55;DonWinston
55;KristofferRyanWinters
55;CyiaBatten
55;VictoriaBlackburn
55;GregBronson
55;CurtClendenin
55;RandiCole
55;SusanEngel
55;ChrisHawpe
55;StuartD.Johnson
55;LanceR.Jones
55;PuiFanLee
55;AnnieLore
55;JonathanPalmer
55;NancyM.Pimental
55;BeverlyPolcyn
55;JohnathonSchaech
55;KevinAlexanderStea
55;MikhailTank
55;BarryG.Thomas
55;CassieTownsend
55;KevinVila
55;ZacharyWoodlee
56;AmandaSchull
56;ChristineDunham
56;StephenStout
56;MaryannPlunkett
56;LauraHicks
56;BarbaraCaruso
56;JeffHayenga
56;ZoeSaldana
56;VictorAnthony
56;KarenShallo
56;CarloAlban
56;GiselleDaly
56;EthanStiefel
56;SusanMayPratt
56;ShakiemEvans
56;IliaKulik
56;SaschaRadetsky
56;PeterGallagher
56;DonnaMurphy
56;LisaLeGuillou
56;RobertMontano
56;MeganPepin
56;VictoriaBorn
56;KirkPeterson
56;JulieKent
56;DebraMonk
56;SandraBrown
56;ElizabethGaither
56;OksanaKonobeyeva
56;EkaterinaChtchelkanova
56;ElizabethHubbard
56;EionBailey
56;NancyMcDoniel
56;SandyHamilton
56;OlgaMerediz
56;ElvisCrespo
56;GiselleTcherniak
56;JamieBonelli
56;MickiPaley
56;RandyPearlstein
56;NancyHess
56;LovetteGeorge
56;PriscillaLopez
56;BrendaDenmark
56;WarrenCarlyle
56;MarciaJeanKurtz
56;KariThompson
56;AeshaAsh
56;SeanStewart
56;AshleyL.Anderson
56;JaredAngle
56;ErinBaiano
56;JenniferBalcerzak
56;EllenBar
56;TamaraBarden
56;SantGriaBello
56;DustinBrauneck
56;MelissaCabrera
56;MartineCiccone
56;ElenaDiner
56;NicoleEpstein
56;AlinaFaye
56;ElizabethFord
56;JasonFowler
56;KurtFroman
56;KyleFroman
56;DavenaGross
56;NataliaHaigler
56;CraigHall
56;StephenHanna
56;AdamHendrickson
56;PatrickHowell
56;RyanKelly
56;RebeccaKrohn
56;JessicaKusak
56;RyanLawrence
56;RiolamaLorenzo
56;StephanieLyons
56;DeannaMcBrearty
56;EleenaMelamed
56;JustinMorris
56;GillianMurphy
56;LauraPaulus
56;MattPitcher
56;JonathanPorretta
56;CarrieLeeRiggins
56;EmilieSchlegel
56;DavidSchneider
56;ChrissySchultz
56;AaronSeverini
56;KristinSloan
56;JonathanStafford
56;RyanStewart
56;JanieTaylor
56;PascaleVanKipnis
56;JamieWolf
56;JulioAgustin
56;JimBorstelmann
56;LiamBurke
56;ChrisDavis
56;NinaGoldman
56;ShannonHammonds
56;JackHayes
56;SeanMartinHingston
56;JoannHunter
56;ViolettaKlimczewska
56;KeriLee
56;StephanieMichels
56;LisaNafegar
56;MichaelODonnell
56;AngelaPiccinni
56;MimiQuillin
56;JohnMichaelSchert
56;LisaShriver
56;ScottTaylor
56;EndalynTaylor-Shellman
56;RockerVerastique
56;RobertWersinger
56;JessieWard
56;JenniferAlexander
56;AngelaAli
56;DerekAmbrosi
56;DarBillingham
56;SkyhAlvesterBlack
56;EmilyJohnson
56;Kordelia
56;LuisJoseLopez
56;MarkOtt
56;ChrisRivaro
56;MauricioSanchez
56;ScottieThompson
56;AmishaVeda
57;TheNotoriousB.I.G.
57;TupacShakur
57;NickBroomfield
57;RussellPoole
57;DonaldHicken
57;BillyGarland
57;ChicoDelVec
57;VolettaWallace
57;MopremeShakur
57;KevinHackie
57;ReggieWrightSr.
57;FrankAlexander
57;SoniaFlores
57;MarshallBigtower
57;DonSeabold
57;MarkHyland
57;LilCease
57;GeneDeal
57;MarionSugeKnight
57;JoeClair
57;SeanDiddyCombs
57;KidadaJones
57;RafaelPerez
57;DanQuayle
57;AfeniShakur
57;SnoopDogg
57;MikeTyson
57;CraigJ.Williams
58;GabriellaLewis
58;JunichiKanemaru
58;SanaeKobayashi
58;JasonGriffith
58;SuzanneGoldish
58;Ry?Hirohashi
58;LisaOrtiz
58;TaekoKawata
58;AmyPalant
58;RebeccaHonig
58;BinShimada
58;MikePollock
58;DarrenDunstan
58;AndrewRannells
58;SayakaAoki
58;ChikaoOhtsuka
58;KenYamaguchi
58;DanGreen
58;NobutoshiCanna
58;JerryLobozzo
58;AmyBirnbaum
58;KathleenDelaney
58;YumikoKobayashi
58;NaokiImamura
58;RumiOchiai
58;TedLewis
58;YukaShioyama
58;Kujira
58;MeganHollingshead
58;TomohisaAs?
58;GregoryAbbey
58;NaomiShind?
58;KerryWilliams
58;EtsukoKozakura
58;MichioNakao
58;YukariHikida
58;OliverWyman
58;K?jiYusa
58;JenniferC.Johnson
58;RachaelLillis
58;JamesCarterCathcart
58;SouichirouTanaka
58;K?jiHaramaki
58;MattHoverman
58;NorikoHidaka
58;J?jiNakata
58;ChristopherCollet
58;DavidLapkin
58;KumikoIzumi
58;HiroomiSugino
59;DanielValdez
59;EdwardJamesOlmos
59;CharlesAidman
59;TyneDaly
59;JohnAnderson
59;AbelFranco
59;MikeGomez
59;AlmaMartinez
59;FrancisX.McCarthy
59;LupeOntiveros
59;EdPeck
59;RobertPhalen
59;TonyPlana
59;RosePortillo
59;MarcoRodr–guez
59;KellyWard
59;HelenaAndreyko
59;BobBasso
59;DarleneBryan
59;BernadetteColognne
59;MiguelDelgado
59;RobertaDelgado
59;AnacaniEcheverria
59;HammamShafie
59;HoneyGarcia
59;JamesHogan
59;LauraLeyva
59;SalLopez
59;LuisManuel
59;KimMiyori
59;?ngelaMoya
59;BerthaE.Oropeza
59;JeffReynolds
59;JuanR–os
59;GregRosatti
59;NancySalis
59;CandiceL.Silva
59;GenoSilva
59;KurtwoodSmith
59;DennisStewart
59;DukeStroud
59;JudySusman
59;JonThomas
59;LewisWhitlock
59;AntoinetteYuskis
59;RobertBeltran
59;AlmaBeltran
59;JulioMedina
59;DianeRodriguez
59;SocorroValdez
59;MichaelSantiago
60;MarcoLeonardi
60;LumiCavazos
60;ReginaTorn?
60;MarioIv?nMart–nez
60;AdaCarrasco
60;YareliArizmendi
60;ClaudetteMaill?
60;PilarAranda
60;FarnesiodeBernal
60;Joaqu–nGarrido
60;RodolfoArias
60;MargaritaIsabel
60;SandraArau
60;Andr?sGarc–aJr.
60;ReginoHerrera
60;GenaroAguirre
60;DavidOstrosky
60;Br–gidaAlexander
60;AmadoRam–rez
60;ArceliaRam–rez
60;SocorroRodr–guez
60;RafaelGarc–aZuazua
60;RafaelGarc–aZuazuaJr.
60;EdurneBallesteros
60;MelisaMares
60;GabrielaCanudas
60;NataliaDelaFuente
60;BeatrizEl–as
60;RodolfoMej–a
60;RicardoM.Kaplan
60;JaimeR.Rodr–guez
60;OsvaldoMart–nez
60;JavierMares
60;MiguelMares
60;JorgeVizales
60;OrquestaDeR.Lombra
60;ArtemioCruz
60;Simon
60;Chester
60;MelisaNickliff
60;MaryBethAwyer
60;DavidMcKinney
60;RyanManti
60;BoHatch
60;AlfredoP.DeTejada
60;GabrielaP.DeTejada
60;StaceyAshabranner
60;TeresaRoss
60;SusanaGarciaC.
60;BillyJagnes
60;K.Wickliff
60;FuneKohlman
60;HaydeJ.Rodriguez
60;MariaH.Pineda
60;EstelaLopezR.
60;LorenaVillarreal
60;IndiraS?nchez
60;SoniaRuiz
60;MariaR.Flores
60;LizetMartinez
60;VictorM.Gomez
60;JoseF.Lopez
60;RobertoD–az
60;JuanA.Ramos
60;JaimeJ.Maartinez
60;TeodoroBastida
60;JesusAguilar
60;MaxGeturino
60;AngelSierra
60;FranciscoRomero
60;LuisA.Muùoz
60;Jos?MiguelGarc–a
60;MarioVasquez
60;JoseA.Hernandez
60;RogelioCornejo
60;JuanMurillo
